Master Seed,Membrane Seed,Input Seed,Input Sigma,Corrected,Minimum Input,Window Size,RP Offset,Correction Duration,Correction Current,Confidence Scaling,Recall Threshold,Memories Stored,Recalls,Mean Error,Final Position Error
9032867582,2390786556,6983476394,0.603533348964263,True,500,10,0,500.0,450.0,True,0.8,9,39,0.0963991873273761,0.1299495234893579
9032867583,2390786557,6983476395,0.603533348964263,True,500,10,0,500.0,450.0,True,0.8,9,39,0.0984737297933776,0.1140811139246264
9032867584,2390786558,6983476396,0.603533348964263,True,500,10,0,500.0,450.0,True,0.8,9,39,0.1067911655035046,0.1120130926967317
9032867585,2390786559,6983476397,0.603533348964263,True,500,10,0,500.0,450.0,True,0.8,9,39,0.1247102880901419,0.1995491893846636
9032867586,2390786560,6983476398,0.603533348964263,True,500,10,0,500.0,450.0,True,0.8,9,39,0.1089984943477735,0.1602573501410968
9032867587,2390786561,6983476399,0.6035333489642625,True,600,10,0,500.0,450.0,True,0.8,9,39,0.123991965040399,0.1983575384634253
9032867588,2390786562,6983476400,0.6035333489642625,True,600,10,0,500.0,450.0,True,0.8,9,39,0.1319048750433122,0.1582999540139112
9032867589,2390786563,6983476401,0.6035333489642625,True,600,10,0,500.0,450.0,True,0.8,9,39,0.099323580590138,0.1047799479779402
9032867590,2390786564,6983476402,0.6035333489642625,True,600,10,0,500.0,450.0,True,0.8,9,39,0.1039383728736,0.1581710330519721
9032867591,2390786565,6983476403,0.6035333489642625,True,600,10,0,500.0,450.0,True,0.8,9,39,0.1167093242498792,0.1678946035581384
9032867592,2390786566,6983476404,0.6035333489642621,True,700,10,0,500.0,450.0,True,0.8,9,39,0.0952769497729417,0.1329780575952178
9032867593,2390786567,6983476405,0.6035333489642621,True,700,10,0,500.0,450.0,True,0.8,9,39,0.0870398736073378,0.0967493208245167
9032867594,2390786568,6983476406,0.6035333489642621,True,700,10,0,500.0,450.0,True,0.8,9,39,0.0878995642579414,0.1038005316733025
9032867595,2390786569,6983476407,0.6035333489642621,True,700,10,0,500.0,450.0,True,0.8,9,39,0.1193314716366691,0.1637904410862441
9032867596,2390786570,6983476408,0.6035333489642621,True,700,10,0,500.0,450.0,True,0.8,9,39,0.1270762512463749,0.1395242931791487
9032867597,2390786571,6983476409,0.6035333489642626,True,800,10,0,500.0,450.0,True,0.8,9,39,0.114890340233512,0.1287951022111345
9032867598,2390786572,6983476410,0.6035333489642626,True,800,10,0,500.0,450.0,True,0.8,9,39,0.1006071879515504,0.1624760741035634
9032867599,2390786573,6983476411,0.6035333489642626,True,800,10,0,500.0,450.0,True,0.8,9,39,0.0871960911292579,0.1232840816932473
9032867600,2390786574,6983476412,0.6035333489642626,True,800,10,0,500.0,450.0,True,0.8,9,39,0.1003959056802722,0.1238535331845963
9032867601,2390786575,6983476413,0.6035333489642626,True,800,10,0,500.0,450.0,True,0.8,9,39,0.1323868401511879,0.2157395707444817
9032867602,2390786576,6983476414,0.6035333489642627,True,900,10,0,500.0,450.0,True,0.8,9,39,0.0982697241819014,0.1021345994429317
9032867603,2390786577,6983476415,0.6035333489642627,True,900,10,0,500.0,450.0,True,0.8,9,39,0.102874707473106,0.1498128393595748
9032867604,2390786578,6983476416,0.6035333489642627,True,900,10,0,500.0,450.0,True,0.8,9,39,0.108068339886717,0.1484578373797616
9032867605,2390786579,6983476417,0.6035333489642627,True,900,10,0,500.0,450.0,True,0.8,9,39,0.0915458126751734,0.109955694435264
9032867606,2390786580,6983476418,0.6035333489642627,True,900,10,0,500.0,450.0,True,0.8,9,39,0.1228562820946616,0.0865725600909769
9032867607,2390786581,6983476419,0.6035333489642638,True,1000,10,0,500.0,450.0,True,0.8,9,39,0.1360976857768459,0.1248419290733186
9032867608,2390786582,6983476420,0.6035333489642638,True,1000,10,0,500.0,450.0,True,0.8,9,39,0.0876115167605899,0.0981310815273963
9032867609,2390786583,6983476421,0.6035333489642638,True,1000,10,0,500.0,450.0,True,0.8,9,39,0.1072429362650062,0.1681216195675185
9032867610,2390786584,6983476422,0.6035333489642638,True,1000,10,0,500.0,450.0,True,0.8,9,39,0.0976619679456193,0.1030483229484719
9032867611,2390786585,6983476423,0.6035333489642638,True,1000,10,0,500.0,450.0,True,0.8,9,39,0.1107253345190472,0.1298856776280691
9032867612,2390786586,6983476424,0.603533348964264,True,1100,10,0,500.0,450.0,True,0.8,9,39,0.1042329725592815,0.1341286972065288
9032867613,2390786587,6983476425,0.603533348964264,True,1100,10,0,500.0,450.0,True,0.8,9,39,0.1032009143928776,0.1451745885445483
9032867614,2390786588,6983476426,0.603533348964264,True,1100,10,0,500.0,450.0,True,0.8,9,39,0.105537613370711,0.1454065547135678
9032867615,2390786589,6983476427,0.603533348964264,True,1100,10,0,500.0,450.0,True,0.8,9,39,0.1123447301085244,0.0838819448699701
9032867616,2390786590,6983476428,0.603533348964264,True,1100,10,0,500.0,450.0,True,0.8,9,39,0.0837520848009254,0.1677403569873291
9032867617,2390786591,6983476429,0.6035333489642644,True,1200,10,0,500.0,450.0,True,0.8,9,39,0.0933610210887827,0.1529348601587251
9032867618,2390786592,6983476430,0.6035333489642644,True,1200,10,0,500.0,450.0,True,0.8,9,39,0.1131544297228713,0.0981652928253608
9032867619,2390786593,6983476431,0.6035333489642644,True,1200,10,0,500.0,450.0,True,0.8,9,39,0.1036837817454368,0.0961397775171928
9032867620,2390786594,6983476432,0.6035333489642644,True,1200,10,0,500.0,450.0,True,0.8,9,39,0.0928468391609744,0.1363354109779062
9032867621,2390786595,6983476433,0.6035333489642644,True,1200,10,0,500.0,450.0,True,0.8,9,39,0.0979546487526886,0.1409251717747496
9032867622,2390786596,6983476434,0.6035333489642641,True,1300,10,0,500.0,450.0,True,0.8,9,39,0.0855068657034545,0.1162388844746647
9032867623,2390786597,6983476435,0.6035333489642641,True,1300,10,0,500.0,450.0,True,0.8,9,39,0.1025259318948272,0.1266775147344276
9032867624,2390786598,6983476436,0.6035333489642641,True,1300,10,0,500.0,450.0,True,0.8,9,39,0.1004985247428287,0.1675753010714314
9032867625,2390786599,6983476437,0.6035333489642641,True,1300,10,0,500.0,450.0,True,0.8,9,39,0.0981398546301582,0.0837896938108566
9032867626,2390786600,6983476438,0.6035333489642641,True,1300,10,0,500.0,450.0,True,0.8,9,39,0.0907327280692063,0.0678517621241075
9032867627,2390786601,6983476439,0.6035333489642632,True,1400,10,0,500.0,450.0,True,0.8,9,39,0.1295267169982622,0.0611615812962181
9032867628,2390786602,6983476440,0.6035333489642632,True,1400,10,0,500.0,450.0,True,0.8,9,39,0.1081183103614198,0.0547082339140981
9032867629,2390786603,6983476441,0.6035333489642632,True,1400,10,0,500.0,450.0,True,0.8,9,39,0.0824816250325661,0.0614957618052656
9032867630,2390786604,6983476442,0.6035333489642632,True,1400,10,0,500.0,450.0,True,0.8,9,39,0.1189903442550701,0.1011346686854599
9032867631,2390786605,6983476443,0.6035333489642632,True,1400,10,0,500.0,450.0,True,0.8,9,39,0.1039833451154954,0.0646450430376214
9032867632,2390786606,6983476444,0.6035333489642628,True,1500,10,0,500.0,450.0,True,0.8,9,39,0.0844752127514097,0.1299317166959998
9032867633,2390786607,6983476445,0.6035333489642628,True,1500,10,0,500.0,450.0,True,0.8,9,39,0.0899008413524902,0.0554548472937887
9032867634,2390786608,6983476446,0.6035333489642628,True,1500,10,0,500.0,450.0,True,0.8,9,39,0.0830286939638163,0.0537391117967727
9032867635,2390786609,6983476447,0.6035333489642628,True,1500,10,0,500.0,450.0,True,0.8,9,39,0.096007430499932,0.0754214066775495
9032867636,2390786610,6983476448,0.6035333489642628,True,1500,10,0,500.0,450.0,True,0.8,9,39,0.0833865447091398,0.0463733602027215
9032867637,2390786611,6983476449,0.6035333489642629,True,1600,10,0,500.0,450.0,True,0.8,9,39,0.0913603338900837,0.0901502053382819
9032867638,2390786612,6983476450,0.6035333489642629,True,1600,10,0,500.0,450.0,True,0.8,9,39,0.1041622097940089,1.953027660288548
9032867639,2390786613,6983476451,0.6035333489642629,True,1600,10,0,500.0,450.0,True,0.8,9,39,0.111398538840126,0.039601350004645
9032867640,2390786614,6983476452,0.6035333489642629,True,1600,10,0,500.0,450.0,True,0.8,9,39,0.0811267440917235,0.0853487170950065
9032867641,2390786615,6983476453,0.6035333489642629,True,1600,10,0,500.0,450.0,True,0.8,9,39,0.0769313920269782,0.1010220441106164
9032867642,2390786616,6983476454,0.6035333489642627,True,1700,10,0,500.0,450.0,True,0.8,9,39,0.109023201252138,2.055243763407665
9032867643,2390786617,6983476455,0.6035333489642627,True,1700,10,0,500.0,450.0,True,0.8,9,39,0.0806451421967031,0.1068303600218303
9032867644,2390786618,6983476456,0.6035333489642627,True,1700,10,0,500.0,450.0,True,0.8,9,39,0.0947815582399614,0.0891539444735971
9032867645,2390786619,6983476457,0.6035333489642627,True,1700,10,0,500.0,450.0,True,0.8,9,39,0.0953020350729787,1.8218966924772209
9032867646,2390786620,6983476458,0.6035333489642627,True,1700,10,0,500.0,450.0,True,0.8,9,39,0.0786543751282801,0.0707739720755807
9032867647,2390786621,6983476459,0.6035333489642625,True,1800,10,0,500.0,450.0,True,0.8,9,39,0.1097121920582576,0.1488864993691359
9032867648,2390786622,6983476460,0.6035333489642625,True,1800,10,0,500.0,450.0,True,0.8,9,39,0.0798475295115949,1.754944576401131
9032867649,2390786623,6983476461,0.6035333489642625,True,1800,10,0,500.0,450.0,True,0.8,9,39,0.0895719127832188,0.1026453617580767
9032867650,2390786624,6983476462,0.6035333489642625,True,1800,10,0,500.0,450.0,True,0.8,9,39,0.0853330550129087,0.1501571749943231
9032867651,2390786625,6983476463,0.6035333489642625,True,1800,10,0,500.0,450.0,True,0.8,9,39,0.1082761431105249,1.7162603240616296
9032867652,2390786626,6983476464,0.6035333489642623,True,1900,10,0,500.0,450.0,True,0.8,9,39,0.1034884553416726,1.753272272272413
9032867653,2390786627,6983476465,0.6035333489642623,True,1900,10,0,500.0,450.0,True,0.8,9,39,0.0946634592429367,0.0537506176472767
9032867654,2390786628,6983476466,0.6035333489642623,True,1900,10,0,500.0,450.0,True,0.8,9,39,0.0931284055790906,0.10482530348064
9032867655,2390786629,6983476467,0.6035333489642623,True,1900,10,0,500.0,450.0,True,0.8,9,39,0.0886538856328545,1.73790216691968
9032867656,2390786630,6983476468,0.6035333489642623,True,1900,10,0,500.0,450.0,True,0.8,9,39,0.0881734698755524,1.694605343423759
9032867657,2390786631,6983476469,0.6035333489642625,True,2000,10,0,500.0,450.0,True,0.8,9,39,0.099421589369147,0.1455998849403172
9032867658,2390786632,6983476470,0.6035333489642625,True,2000,10,0,500.0,450.0,True,0.8,9,39,0.098577829243984,0.0747945539573937
9032867659,2390786633,6983476471,0.6035333489642625,True,2000,10,0,500.0,450.0,True,0.8,9,39,0.0988483696710477,1.7739862805781648
9032867660,2390786634,6983476472,0.6035333489642625,True,2000,10,0,500.0,450.0,True,0.8,9,39,0.1102324776634,1.8110357608630496
9032867661,2390786635,6983476473,0.6035333489642625,True,2000,10,0,500.0,450.0,True,0.8,9,39,0.1000666862047431,0.0612967087644691
9032867662,2390786636,6983476474,0.6035333489642628,True,2100,10,0,500.0,450.0,True,0.8,9,39,0.0927089099805937,0.112286277915007
9032867663,2390786637,6983476475,0.6035333489642628,True,2100,10,0,500.0,450.0,True,0.8,9,39,0.0875758964019979,0.0801831963605123
9032867664,2390786638,6983476476,0.6035333489642628,True,2100,10,0,500.0,450.0,True,0.8,9,39,0.0949869990322278,0.1480757070176283
9032867665,2390786639,6983476477,0.6035333489642628,True,2100,10,0,500.0,450.0,True,0.8,9,39,0.1017549642217868,1.6524161082815574
9032867666,2390786640,6983476478,0.6035333489642628,True,2100,10,0,500.0,450.0,True,0.8,9,39,0.1200563906082976,1.8020655537718264
9032867667,2390786641,6983476479,0.6035333489642629,True,2200,10,0,500.0,450.0,True,0.8,9,39,0.1157756800372265,0.056834963157448
9032867668,2390786642,6983476480,0.6035333489642629,True,2200,10,0,500.0,450.0,True,0.8,9,39,0.0841932980935132,0.1401152484985652
9032867669,2390786643,6983476481,0.6035333489642629,True,2200,10,0,500.0,450.0,True,0.8,9,39,0.0950556690783211,0.1097828300000851
9032867670,2390786644,6983476482,0.6035333489642629,True,2200,10,0,500.0,450.0,True,0.8,9,39,0.0894325912210866,0.128758354965064
9032867671,2390786645,6983476483,0.6035333489642629,True,2200,10,0,500.0,450.0,True,0.8,9,39,0.1020068057114479,1.7522624865402574
9032867672,2390786646,6983476484,0.6035333489642628,True,2300,10,0,500.0,450.0,True,0.8,9,39,0.0942182182923327,1.656016688028939
9032867673,2390786647,6983476485,0.6035333489642628,True,2300,10,0,500.0,450.0,True,0.8,9,39,0.0890536405346467,1.7248018205407705
9032867674,2390786648,6983476486,0.6035333489642628,True,2300,10,0,500.0,450.0,True,0.8,9,39,0.0927213823820722,0.1133555120076621
9032867675,2390786649,6983476487,0.6035333489642628,True,2300,10,0,500.0,450.0,True,0.8,9,39,0.1019874211406185,0.1482629236477951
9032867676,2390786650,6983476488,0.6035333489642628,True,2300,10,0,500.0,450.0,True,0.8,9,39,0.0914586024407556,1.6945075411197184
9032867677,2390786651,6983476489,0.6035333489642625,True,2400,10,0,500.0,450.0,True,0.8,9,39,0.0928509837557033,0.0981725248138742
9032867678,2390786652,6983476490,0.6035333489642625,True,2400,10,0,500.0,450.0,True,0.8,9,39,0.0929354253372799,0.1050568951227927
9032867679,2390786653,6983476491,0.6035333489642625,True,2400,10,0,500.0,450.0,True,0.8,9,39,0.1034910832454817,0.0532693350579934
9032867680,2390786654,6983476492,0.6035333489642625,True,2400,10,0,500.0,450.0,True,0.8,9,39,0.102717252893379,0.0822886034423097
9032867681,2390786655,6983476493,0.6035333489642625,True,2400,10,0,500.0,450.0,True,0.8,9,39,0.0923178273748026,0.0658204579803991
9032867682,2390786656,6983476494,0.6035333489642626,True,2500,10,0,500.0,450.0,True,0.8,9,39,0.0907837463313399,0.0921357850333429
9032867683,2390786657,6983476495,0.6035333489642626,True,2500,10,0,500.0,450.0,True,0.8,9,39,0.105564309911834,1.7661986939694445
9032867684,2390786658,6983476496,0.6035333489642626,True,2500,10,0,500.0,450.0,True,0.8,9,39,0.0971665264152021,0.1222669098327951
9032867685,2390786659,6983476497,0.6035333489642626,True,2500,10,0,500.0,450.0,True,0.8,9,39,0.0944395915053822,0.0616823401139549
9032867686,2390786660,6983476498,0.6035333489642626,True,2500,10,0,500.0,450.0,True,0.8,9,39,0.0929458602340373,0.0662949911447867
9032867687,2390786661,6983476499,0.6035333489642626,True,2600,10,0,500.0,450.0,True,0.8,9,39,0.0920011542628483,0.123691224863899
9032867688,2390786662,6983476500,0.6035333489642626,True,2600,10,0,500.0,450.0,True,0.8,9,39,0.1004336143392652,0.0736074471392769
9032867689,2390786663,6983476501,0.6035333489642626,True,2600,10,0,500.0,450.0,True,0.8,9,39,0.1066745645144113,0.0478648304195676
9032867690,2390786664,6983476502,0.6035333489642626,True,2600,10,0,500.0,450.0,True,0.8,9,39,0.0852802575296622,0.1181632338733015
9032867691,2390786665,6983476503,0.6035333489642626,True,2600,10,0,500.0,450.0,True,0.8,9,39,0.09354745574732,0.0723126364764373
9032867692,2390786666,6983476504,0.6035333489642621,True,2700,10,0,500.0,450.0,True,0.8,9,39,0.1060019353194168,0.0648785290544252
9032867693,2390786667,6983476505,0.6035333489642621,True,2700,10,0,500.0,450.0,True,0.8,9,39,0.1006034423679273,0.04719480780088
9032867694,2390786668,6983476506,0.6035333489642621,True,2700,10,0,500.0,450.0,True,0.8,9,39,0.1081833361137448,0.008313583117449
9032867695,2390786669,6983476507,0.6035333489642621,True,2700,10,0,500.0,450.0,True,0.8,9,39,0.1104482886462398,0.032178288585285
9032867696,2390786670,6983476508,0.6035333489642621,True,2700,10,0,500.0,450.0,True,0.8,9,39,0.0904421699793826,0.0694537148611536
9032867697,2390786671,6983476509,0.6035333489642626,True,2800,10,0,500.0,450.0,True,0.8,9,39,0.0966543788737107,0.100418881335939
9032867698,2390786672,6983476510,0.6035333489642626,True,2800,10,0,500.0,450.0,True,0.8,9,39,0.0956198643190084,0.0262500735825332
9032867699,2390786673,6983476511,0.6035333489642626,True,2800,10,0,500.0,450.0,True,0.8,9,39,0.0904360610403756,0.1106357894026821
9032867700,2390786674,6983476512,0.6035333489642626,True,2800,10,0,500.0,450.0,True,0.8,9,39,0.1015203497617139,0.0956670972277527
9032867701,2390786675,6983476513,0.6035333489642626,True,2800,10,0,500.0,450.0,True,0.8,9,39,0.0935172059640204,0.1245461947380799
9032867702,2390786676,6983476514,0.6035333489642628,True,2900,10,0,500.0,450.0,True,0.8,9,39,0.1085040406187784,0.0740738542007269
9032867703,2390786677,6983476515,0.6035333489642628,True,2900,10,0,500.0,450.0,True,0.8,9,39,0.1631370272600492,0.0569205322675103
9032867704,2390786678,6983476516,0.6035333489642628,True,2900,10,0,500.0,450.0,True,0.8,9,39,0.0907037703686183,0.1125634957984496
9032867705,2390786679,6983476517,0.6035333489642628,True,2900,10,0,500.0,450.0,True,0.8,9,39,0.0921259408986037,0.0498369831671433
9032867706,2390786680,6983476518,0.6035333489642628,True,2900,10,0,500.0,450.0,True,0.8,9,39,0.090171930580069,0.007858700523115
9032867707,2390786681,6983476519,0.6035333489642626,True,3000,10,0,500.0,450.0,True,0.8,9,39,0.0997419171357178,0.1820407092972502
9032867708,2390786682,6983476520,0.6035333489642626,True,3000,10,0,500.0,450.0,True,0.8,9,39,0.1085101652046106,0.0021023731287324
9032867709,2390786683,6983476521,0.6035333489642626,True,3000,10,0,500.0,450.0,True,0.8,9,39,0.1549346641868765,0.125255671456623
9032867710,2390786684,6983476522,0.6035333489642626,True,3000,10,0,500.0,450.0,True,0.8,9,39,0.0943843010494555,0.1128792631953499
9032867711,2390786685,6983476523,0.6035333489642626,True,3000,10,0,500.0,450.0,True,0.8,9,39,0.1265896497203445,0.1252986860924696
9032867712,2390786686,6983476524,0.6035333489642627,True,3100,10,0,500.0,450.0,True,0.8,9,39,0.09157157093765,0.0780197591406668
9032867713,2390786687,6983476525,0.6035333489642627,True,3100,10,0,500.0,450.0,True,0.8,9,39,0.0868315619159235,0.0230061641472279
9032867714,2390786688,6983476526,0.6035333489642627,True,3100,10,0,500.0,450.0,True,0.8,9,39,0.099431602317678,0.196055878469529
9032867715,2390786689,6983476527,0.6035333489642627,True,3100,10,0,500.0,450.0,True,0.8,9,39,0.1516530400742246,0.1331899745064996
9032867716,2390786690,6983476528,0.6035333489642627,True,3100,10,0,500.0,450.0,True,0.8,9,39,0.0985656010582626,0.0778112071324341
9032867717,2390786691,6983476529,0.6035333489642625,True,3200,10,0,500.0,450.0,True,0.8,9,39,0.0896780597304345,0.038294755986595
9032867718,2390786692,6983476530,0.6035333489642625,True,3200,10,0,500.0,450.0,True,0.8,9,39,0.1368764888683284,0.1596799564805568
9032867719,2390786693,6983476531,0.6035333489642625,True,3200,10,0,500.0,450.0,True,0.8,9,39,0.1333277956161628,0.2242047454721345
9032867720,2390786694,6983476532,0.6035333489642625,True,3200,10,0,500.0,450.0,True,0.8,9,39,0.1240545868359381,0.142226074609956
9032867721,2390786695,6983476533,0.6035333489642625,True,3200,10,0,500.0,450.0,True,0.8,9,39,0.1524594904684053,0.0730325568347636
9032867722,2390786696,6983476534,0.6035333489642625,True,3300,10,0,500.0,450.0,True,0.8,9,39,0.1483473804654946,0.0862769308833748
9032867723,2390786697,6983476535,0.6035333489642625,True,3300,10,0,500.0,450.0,True,0.8,9,39,0.1377088035616115,0.0997729060754475
9032867724,2390786698,6983476536,0.6035333489642625,True,3300,10,0,500.0,450.0,True,0.8,9,39,0.1490449276264541,0.0733145245487323
9032867725,2390786699,6983476537,0.6035333489642625,True,3300,10,0,500.0,450.0,True,0.8,9,39,0.1475146180614647,0.088782959966259
9032867726,2390786700,6983476538,0.6035333489642625,True,3300,10,0,500.0,450.0,True,0.8,9,39,0.0939181365994181,0.1584642312628684
9032867727,2390786701,6983476539,0.6035333489642623,True,3400,10,0,500.0,450.0,True,0.8,9,39,0.1002983572015752,0.0722684818981392
9032867728,2390786702,6983476540,0.6035333489642623,True,3400,10,0,500.0,450.0,True,0.8,9,39,0.1068890195015125,0.2151203803920713
9032867729,2390786703,6983476541,0.6035333489642623,True,3400,10,0,500.0,450.0,True,0.8,9,39,0.1094374214562079,0.0429935293397887
9032867730,2390786704,6983476542,0.6035333489642623,True,3400,10,0,500.0,450.0,True,0.8,9,39,0.1017505458376787,0.0314376537385917
9032867731,2390786705,6983476543,0.6035333489642623,True,3400,10,0,500.0,450.0,True,0.8,9,39,0.1424848661114283,0.0925239083169964
9032867732,2390786706,6983476544,0.6035333489642627,True,3500,10,0,500.0,450.0,True,0.8,9,39,0.1391094407018897,0.1280474695928825
9032867733,2390786707,6983476545,0.6035333489642627,True,3500,10,0,500.0,450.0,True,0.8,9,39,0.1295749972278421,0.1074956984172465
9032867734,2390786708,6983476546,0.6035333489642627,True,3500,10,0,500.0,450.0,True,0.8,9,39,0.1286737159761038,0.1153168593271434
9032867735,2390786709,6983476547,0.6035333489642627,True,3500,10,0,500.0,450.0,True,0.8,9,39,0.1430966373820045,0.1201654222958441
9032867736,2390786710,6983476548,0.6035333489642627,True,3500,10,0,500.0,450.0,True,0.8,9,39,0.12559430473765,0.1504164254831216
9032867737,2390786711,6983476549,0.6035333489642626,True,3600,10,0,500.0,450.0,True,0.8,9,39,0.1476327930144915,0.0709685363311425
9032867738,2390786712,6983476550,0.6035333489642626,True,3600,10,0,500.0,450.0,True,0.8,9,39,0.1513162900414111,0.0368784848435103
9032867739,2390786713,6983476551,0.6035333489642626,True,3600,10,0,500.0,450.0,True,0.8,9,39,0.1290031619124913,0.1400265325359021
9032867740,2390786714,6983476552,0.6035333489642626,True,3600,10,0,500.0,450.0,True,0.8,9,39,0.133803711385762,0.1000166676065494
9032867741,2390786715,6983476553,0.6035333489642626,True,3600,10,0,500.0,450.0,True,0.8,9,39,0.1327322083781559,0.1117995753102703
9032867742,2390786716,6983476554,0.6035333489642625,True,3700,10,0,500.0,450.0,True,0.8,9,39,0.1495673561193626,0.05145453939477
9032867743,2390786717,6983476555,0.6035333489642625,True,3700,10,0,500.0,450.0,True,0.8,9,39,0.1484466917880453,0.0603774568431911
9032867744,2390786718,6983476556,0.6035333489642625,True,3700,10,0,500.0,450.0,True,0.8,9,39,0.1390218203537169,0.0868681141800386
9032867745,2390786719,6983476557,0.6035333489642625,True,3700,10,0,500.0,450.0,True,0.8,9,39,0.1219856409650489,0.1969069133206051
9032867746,2390786720,6983476558,0.6035333489642625,True,3700,10,0,500.0,450.0,True,0.8,9,39,0.1222913482581273,0.1307507217848959
9032867747,2390786721,6983476559,0.6035333489642626,True,3800,10,0,500.0,450.0,True,0.8,9,39,0.126196598675564,0.0768976080423329
9032867748,2390786722,6983476560,0.6035333489642626,True,3800,10,0,500.0,450.0,True,0.8,9,39,0.0967839395237353,0.1221727322319536
9032867749,2390786723,6983476561,0.6035333489642626,True,3800,10,0,500.0,450.0,True,0.8,9,39,0.1183370563142508,0.1335183484662633
9032867750,2390786724,6983476562,0.6035333489642626,True,3800,10,0,500.0,450.0,True,0.8,9,39,0.1058076162834033,0.0260311199235368
9032867751,2390786725,6983476563,0.6035333489642626,True,3800,10,0,500.0,450.0,True,0.8,9,39,0.0979076762872109,0.0676582793970141
9032867752,2390786726,6983476564,0.6035333489642627,True,3900,10,0,500.0,450.0,True,0.8,9,39,0.0942758003540425,0.1610616214303338
9032867753,2390786727,6983476565,0.6035333489642627,True,3900,10,0,500.0,450.0,True,0.8,9,39,0.1038019482869785,0.0369923086928179
9032867754,2390786728,6983476566,0.6035333489642627,True,3900,10,0,500.0,450.0,True,0.8,9,39,0.0970094690948048,0.067726545615774
9032867755,2390786729,6983476567,0.6035333489642627,True,3900,10,0,500.0,450.0,True,0.8,9,39,0.1124205449636949,0.0638107917409973
9032867756,2390786730,6983476568,0.6035333489642627,True,3900,10,0,500.0,450.0,True,0.8,9,39,0.1229010251338456,0.1311182135594235
9032867757,2390786731,6983476569,0.603533348964263,True,4000,10,0,500.0,450.0,True,0.8,9,39,0.141407172973409,0.1157269003366184
9032867758,2390786732,6983476570,0.603533348964263,True,4000,10,0,500.0,450.0,True,0.8,9,39,0.1084531902675598,0.0375896835117102
9032867759,2390786733,6983476571,0.603533348964263,True,4000,10,0,500.0,450.0,True,0.8,9,39,0.0878424585509604,0.1072088731528897
9032867760,2390786734,6983476572,0.603533348964263,True,4000,10,0,500.0,450.0,True,0.8,9,39,0.105688655191323,0.1056590427832996
9032867761,2390786735,6983476573,0.603533348964263,True,4000,10,0,500.0,450.0,True,0.8,9,39,0.1380353896637789,0.1474779052551324
9032867762,2390786736,6983476574,0.6035333489642621,True,4100,10,0,500.0,450.0,True,0.8,9,39,0.1308909696250972,0.1221161760958869
9032867763,2390786737,6983476575,0.6035333489642621,True,4100,10,0,500.0,450.0,True,0.8,9,39,0.1128322108851466,0.0474070834646996
9032867764,2390786738,6983476576,0.6035333489642621,True,4100,10,0,500.0,450.0,True,0.8,9,39,0.0988711371595153,0.1506816177050699
9032867765,2390786739,6983476577,0.6035333489642621,True,4100,10,0,500.0,450.0,True,0.8,9,39,0.0931799176672483,0.0900729263003769
9032867766,2390786740,6983476578,0.6035333489642621,True,4100,10,0,500.0,450.0,True,0.8,9,39,0.1458468308272245,0.1027931651357487
9032867767,2390786741,6983476579,0.6035333489642624,True,4200,10,0,500.0,450.0,True,0.8,9,39,0.1479869892124222,0.1575899470125133
9032867768,2390786742,6983476580,0.6035333489642624,True,4200,10,0,500.0,450.0,True,0.8,9,39,0.1258905882130949,0.1272254690593216
9032867769,2390786743,6983476581,0.6035333489642624,True,4200,10,0,500.0,450.0,True,0.8,9,39,0.1350552198588787,0.176966377357364
9032867770,2390786744,6983476582,0.6035333489642624,True,4200,10,0,500.0,450.0,True,0.8,9,39,0.1352091063603729,0.100197780778252
9032867771,2390786745,6983476583,0.6035333489642624,True,4200,10,0,500.0,450.0,True,0.8,9,39,0.1322530472399935,0.2117931819885247
9032867772,2390786746,6983476584,0.6035333489642624,True,4300,10,0,500.0,450.0,True,0.8,9,39,0.1336169133880813,0.1568040624238826
9032867773,2390786747,6983476585,0.6035333489642624,True,4300,10,0,500.0,450.0,True,0.8,9,39,0.1491015763542937,0.0696078158304105
9032867774,2390786748,6983476586,0.6035333489642624,True,4300,10,0,500.0,450.0,True,0.8,9,39,0.0900095514733198,0.106932424667435
9032867775,2390786749,6983476587,0.6035333489642624,True,4300,10,0,500.0,450.0,True,0.8,9,39,0.1346819424540675,0.0682877741287169
9032867776,2390786750,6983476588,0.6035333489642624,True,4300,10,0,500.0,450.0,True,0.8,9,39,0.1355196433334198,0.1086996990529966
9032867777,2390786751,6983476589,0.6035333489642624,True,4400,10,0,500.0,450.0,True,0.8,9,39,0.1321251799789112,0.1288478425587822
9032867778,2390786752,6983476590,0.6035333489642624,True,4400,10,0,500.0,450.0,True,0.8,9,39,0.1236679456491971,0.1986530985701226
9032867779,2390786753,6983476591,0.6035333489642624,True,4400,10,0,500.0,450.0,True,0.8,9,39,0.136024477098841,0.1303066907446787
9032867780,2390786754,6983476592,0.6035333489642624,True,4400,10,0,500.0,450.0,True,0.8,9,39,0.1428008710123437,0.1114236350664854
9032867781,2390786755,6983476593,0.6035333489642624,True,4400,10,0,500.0,450.0,True,0.8,9,39,0.1496426061002237,0.1160240451247954
9032867782,2390786756,6983476594,0.6035333489642624,True,4500,10,0,500.0,450.0,True,0.8,9,39,0.1440090702290419,0.167950563795429
9032867783,2390786757,6983476595,0.6035333489642624,True,4500,10,0,500.0,450.0,True,0.8,9,39,0.1133616746866567,0.1859138736098071
9032867784,2390786758,6983476596,0.6035333489642624,True,4500,10,0,500.0,450.0,True,0.8,9,39,0.0845709195790613,0.0858398805616934
9032867785,2390786759,6983476597,0.6035333489642624,True,4500,10,0,500.0,450.0,True,0.8,9,39,0.1350859474789068,0.1005620178858873
9032867786,2390786760,6983476598,0.6035333489642624,True,4500,10,0,500.0,450.0,True,0.8,9,39,0.1066348034217312,0.0605019479796969
9032867787,2390786761,6983476599,0.6035333489642624,True,4600,10,0,500.0,450.0,True,0.8,9,39,0.0978501073730067,0.091408006390495
9032867788,2390786762,6983476600,0.6035333489642624,True,4600,10,0,500.0,450.0,True,0.8,9,39,0.1308000549969692,0.1158342913435594
9032867789,2390786763,6983476601,0.6035333489642624,True,4600,10,0,500.0,450.0,True,0.8,9,39,0.1009100002113519,0.0725911098228089
9032867790,2390786764,6983476602,0.6035333489642624,True,4600,10,0,500.0,450.0,True,0.8,9,39,0.1137259740226244,0.0076980111904026
9032867791,2390786765,6983476603,0.6035333489642624,True,4600,10,0,500.0,450.0,True,0.8,9,39,0.1008020714048532,0.0816983143058599
9032867792,2390786766,6983476604,0.6035333489642628,True,4700,10,0,500.0,450.0,True,0.8,9,39,0.1497755327001583,0.1363821418277482
9032867793,2390786767,6983476605,0.6035333489642628,True,4700,10,0,500.0,450.0,True,0.8,9,39,0.1216802611437575,0.1141472057535046
9032867794,2390786768,6983476606,0.6035333489642628,True,4700,10,0,500.0,450.0,True,0.8,9,39,0.0981916290792402,0.0722097247368604
9032867795,2390786769,6983476607,0.6035333489642628,True,4700,10,0,500.0,450.0,True,0.8,9,39,0.1390343035707327,0.1264594113948882
9032867796,2390786770,6983476608,0.6035333489642628,True,4700,10,0,500.0,450.0,True,0.8,9,39,0.1475354865896146,0.1348111655029988
9032867797,2390786771,6983476609,0.6035333489642624,True,4800,10,0,500.0,450.0,True,0.8,9,39,0.1488552254258746,0.0813515017594621
9032867798,2390786772,6983476610,0.6035333489642624,True,4800,10,0,500.0,450.0,True,0.8,9,39,0.1449877596687754,0.1062465737852677
9032867799,2390786773,6983476611,0.6035333489642624,True,4800,10,0,500.0,450.0,True,0.8,9,39,0.1383587805601358,0.099646790978942
9032867800,2390786774,6983476612,0.6035333489642624,True,4800,10,0,500.0,450.0,True,0.8,9,39,0.1377145107497327,0.2000331470862039
9032867801,2390786775,6983476613,0.6035333489642624,True,4800,10,0,500.0,450.0,True,0.8,9,39,0.1176509530019995,0.0215105281407245
9032867802,2390786776,6983476614,0.6035333489642623,True,4900,10,0,500.0,450.0,True,0.8,9,39,0.1201945096975269,0.1245199002802069
9032867803,2390786777,6983476615,0.6035333489642623,True,4900,10,0,500.0,450.0,True,0.8,9,39,0.157683096120455,0.1047723212680949
9032867804,2390786778,6983476616,0.6035333489642623,True,4900,10,0,500.0,450.0,True,0.8,9,39,0.137579880617486,0.1270932906450002
9032867805,2390786779,6983476617,0.6035333489642623,True,4900,10,0,500.0,450.0,True,0.8,9,39,0.1469301929201245,0.113103191968244
9032867806,2390786780,6983476618,0.6035333489642623,True,4900,10,0,500.0,450.0,True,0.8,9,39,0.148242359536174,0.0519481788223049
9032867807,2390786781,6983476619,0.6035333489642623,True,5000,10,0,500.0,450.0,True,0.8,9,39,0.1406426310934311,0.1243190765696684
9032867808,2390786782,6983476620,0.6035333489642623,True,5000,10,0,500.0,450.0,True,0.8,9,39,0.1394714887870027,0.0994761246014104
9032867809,2390786783,6983476621,0.6035333489642623,True,5000,10,0,500.0,450.0,True,0.8,9,39,0.1289888668429135,0.1449390068524182
9032867810,2390786784,6983476622,0.6035333489642623,True,5000,10,0,500.0,450.0,True,0.8,9,39,0.1353345533825152,0.0878358583551217
9032867811,2390786785,6983476623,0.6035333489642623,True,5000,10,0,500.0,450.0,True,0.8,9,39,0.1420709233328019,0.1428891264938701
9032868062,2390787036,6983476874,0.603533348964263,True,500,10,0,500.0,450.0,True,0.8,9,39,0.1165370030814546,0.2058031157728612
9032868063,2390787037,6983476875,0.603533348964263,True,500,10,0,500.0,450.0,True,0.8,9,39,0.1127583040892915,0.1204183344833964
9032868064,2390787038,6983476876,0.603533348964263,True,500,10,0,500.0,450.0,True,0.8,9,39,0.1527220549602331,0.2594391236745113
9032868065,2390787039,6983476877,0.603533348964263,True,500,10,0,500.0,450.0,True,0.8,9,39,0.1154679687323685,0.1237650824637035
9032868066,2390787040,6983476878,0.603533348964263,True,500,10,0,500.0,450.0,True,0.8,9,39,0.1226582576732128,0.1446203680402459
9032868067,2390787041,6983476879,0.6035333489642625,True,600,10,0,500.0,450.0,True,0.8,9,39,0.1192897574093476,0.1457405558577102
9032868068,2390787042,6983476880,0.6035333489642625,True,600,10,0,500.0,450.0,True,0.8,9,39,0.1004265460912899,0.115254185380477
9032868069,2390787043,6983476881,0.6035333489642625,True,600,10,0,500.0,450.0,True,0.8,9,39,0.1272094479055966,0.159601964270437
9032868070,2390787044,6983476882,0.6035333489642625,True,600,10,0,500.0,450.0,True,0.8,9,39,0.0972356725059439,0.127549284121573
9032868071,2390787045,6983476883,0.6035333489642625,True,600,10,0,500.0,450.0,True,0.8,9,39,0.1185149607727207,0.1440918967738039
9032868072,2390787046,6983476884,0.6035333489642621,True,700,10,0,500.0,450.0,True,0.8,9,39,0.1132951799382716,0.0918926970616959
9032868073,2390787047,6983476885,0.6035333489642621,True,700,10,0,500.0,450.0,True,0.8,9,39,0.1316940703789204,0.2024269958665786
9032868074,2390787048,6983476886,0.6035333489642621,True,700,10,0,500.0,450.0,True,0.8,9,39,0.1270656213080027,0.1235047756333724
9032868075,2390787049,6983476887,0.6035333489642621,True,700,10,0,500.0,450.0,True,0.8,9,39,0.1012239464184794,0.0865666721635218
9032868076,2390787050,6983476888,0.6035333489642621,True,700,10,0,500.0,450.0,True,0.8,9,39,0.112000556821519,0.1502870182563493
9032868077,2390787051,6983476889,0.6035333489642626,True,800,10,0,500.0,450.0,True,0.8,9,39,0.1072265477227384,0.1205610128760524
9032868078,2390787052,6983476890,0.6035333489642626,True,800,10,0,500.0,450.0,True,0.8,9,39,0.0997753688870667,0.1525592377848131
9032868079,2390787053,6983476891,0.6035333489642626,True,800,10,0,500.0,450.0,True,0.8,9,39,0.1191119016592077,0.1927779905988986
9032868080,2390787054,6983476892,0.6035333489642626,True,800,10,0,500.0,450.0,True,0.8,9,39,0.1044867374236353,0.1465633467025517
9032868081,2390787055,6983476893,0.6035333489642626,True,800,10,0,500.0,450.0,True,0.8,9,39,0.1148769047049271,0.1245321258911899
9032868082,2390787056,6983476894,0.6035333489642627,True,900,10,0,500.0,450.0,True,0.8,9,39,0.1094666202444788,0.1703299099943187
9032868083,2390787057,6983476895,0.6035333489642627,True,900,10,0,500.0,450.0,True,0.8,9,39,0.0928064775642663,0.1453171037430441
9032868084,2390787058,6983476896,0.6035333489642627,True,900,10,0,500.0,450.0,True,0.8,9,39,0.0971312092828606,0.1326096797356485
9032868085,2390787059,6983476897,0.6035333489642627,True,900,10,0,500.0,450.0,True,0.8,9,39,0.0957415140549384,0.1052977318718261
9032868086,2390787060,6983476898,0.6035333489642627,True,900,10,0,500.0,450.0,True,0.8,9,39,0.1054763445890429,0.1721372493988173
9032868087,2390787061,6983476899,0.6035333489642638,True,1000,10,0,500.0,450.0,True,0.8,9,39,0.1279415237913431,0.1825163836714468
9032868088,2390787062,6983476900,0.6035333489642638,True,1000,10,0,500.0,450.0,True,0.8,9,39,0.1130131835133235,0.1071858356983696
9032868089,2390787063,6983476901,0.6035333489642638,True,1000,10,0,500.0,450.0,True,0.8,9,39,0.1126947498711193,0.1576192579761705
9032868090,2390787064,6983476902,0.6035333489642638,True,1000,10,0,500.0,450.0,True,0.8,9,39,0.0933749481993743,0.1273220670342128
9032868091,2390787065,6983476903,0.6035333489642638,True,1000,10,0,500.0,450.0,True,0.8,9,39,0.1015025535554783,0.1136507321225005
9032868092,2390787066,6983476904,0.603533348964264,True,1100,10,0,500.0,450.0,True,0.8,9,39,0.0800356823918361,0.0624984581205832
9032868093,2390787067,6983476905,0.603533348964264,True,1100,10,0,500.0,450.0,True,0.8,9,39,0.1306885104163115,0.1501454168025978
9032868094,2390787068,6983476906,0.603533348964264,True,1100,10,0,500.0,450.0,True,0.8,9,39,0.1049361574738478,0.1410557518782704
9032868095,2390787069,6983476907,0.603533348964264,True,1100,10,0,500.0,450.0,True,0.8,9,39,0.1132390292393269,0.0824005736035495
9032868096,2390787070,6983476908,0.603533348964264,True,1100,10,0,500.0,450.0,True,0.8,9,39,0.1030718914736847,0.1094246782474201
9032868097,2390787071,6983476909,0.6035333489642644,True,1200,10,0,500.0,450.0,True,0.8,9,39,0.0842496077181843,0.1332561200787993
9032868098,2390787072,6983476910,0.6035333489642644,True,1200,10,0,500.0,450.0,True,0.8,9,39,0.1294416947273494,0.1311622009990039
9032868099,2390787073,6983476911,0.6035333489642644,True,1200,10,0,500.0,450.0,True,0.8,9,39,0.1208636638455207,0.117830504639958
9032868100,2390787074,6983476912,0.6035333489642644,True,1200,10,0,500.0,450.0,True,0.8,9,39,0.0999062049819637,0.1911602077734832
9032868101,2390787075,6983476913,0.6035333489642644,True,1200,10,0,500.0,450.0,True,0.8,9,39,0.1229495721802825,0.1288131495041062
9032868102,2390787076,6983476914,0.6035333489642641,True,1300,10,0,500.0,450.0,True,0.8,9,39,0.1154485256872976,0.0954429318263894
9032868103,2390787077,6983476915,0.6035333489642641,True,1300,10,0,500.0,450.0,True,0.8,9,39,0.1032010276122806,0.138895404946345
9032868104,2390787078,6983476916,0.6035333489642641,True,1300,10,0,500.0,450.0,True,0.8,9,39,0.1244773147527359,0.0715643804883893
9032868105,2390787079,6983476917,0.6035333489642641,True,1300,10,0,500.0,450.0,True,0.8,9,39,0.1091721945932856,0.1551367002374856
9032868106,2390787080,6983476918,0.6035333489642641,True,1300,10,0,500.0,450.0,True,0.8,9,39,0.129071157910381,0.1741136192066273
9032868107,2390787081,6983476919,0.6035333489642632,True,1400,10,0,500.0,450.0,True,0.8,9,39,0.1086838645518382,0.0983342168707739
9032868108,2390787082,6983476920,0.6035333489642632,True,1400,10,0,500.0,450.0,True,0.8,9,39,0.0860574209278592,0.0870748261064858
9032868109,2390787083,6983476921,0.6035333489642632,True,1400,10,0,500.0,450.0,True,0.8,9,39,0.106045303565438,0.1021255162904448
9032868110,2390787084,6983476922,0.6035333489642632,True,1400,10,0,500.0,450.0,True,0.8,9,39,0.1134562079872814,0.0540911961202662
9032868111,2390787085,6983476923,0.6035333489642632,True,1400,10,0,500.0,450.0,True,0.8,9,39,0.0930440972375426,0.0528414931319894
9032868112,2390787086,6983476924,0.6035333489642628,True,1500,10,0,500.0,450.0,True,0.8,9,39,0.1090372313676133,0.1101763339835238
9032868113,2390787087,6983476925,0.6035333489642628,True,1500,10,0,500.0,450.0,True,0.8,9,39,0.0834286655217929,0.0966136870126654
9032868114,2390787088,6983476926,0.6035333489642628,True,1500,10,0,500.0,450.0,True,0.8,9,39,0.0963731762420257,0.0475405512356679
9032868115,2390787089,6983476927,0.6035333489642628,True,1500,10,0,500.0,450.0,True,0.8,9,39,0.1305589066673201,0.0472530431686948
9032868116,2390787090,6983476928,0.6035333489642628,True,1500,10,0,500.0,450.0,True,0.8,9,39,0.1363266194596667,0.1651559559030277
9032868117,2390787091,6983476929,0.6035333489642629,True,1600,10,0,500.0,450.0,True,0.8,9,39,0.0917554766339827,0.0465060928815578
9032868118,2390787092,6983476930,0.6035333489642629,True,1600,10,0,500.0,450.0,True,0.8,9,39,0.0853387577611136,1.844987298860248
9032868119,2390787093,6983476931,0.6035333489642629,True,1600,10,0,500.0,450.0,True,0.8,9,39,0.109792070401484,0.0912114252799285
9032868120,2390787094,6983476932,0.6035333489642629,True,1600,10,0,500.0,450.0,True,0.8,9,39,0.0806052215890776,0.0734278907371712
9032868121,2390787095,6983476933,0.6035333489642629,True,1600,10,0,500.0,450.0,True,0.8,9,39,0.103998710596317,0.1030003560851435
9032868122,2390787096,6983476934,0.6035333489642627,True,1700,10,0,500.0,450.0,True,0.8,9,39,0.0821472942695505,0.0891626887102127
9032868123,2390787097,6983476935,0.6035333489642627,True,1700,10,0,500.0,450.0,True,0.8,9,39,0.0882663287389014,1.7871988482618877
9032868124,2390787098,6983476936,0.6035333489642627,True,1700,10,0,500.0,450.0,True,0.8,9,39,0.0862625388473845,0.1497313999440939
9032868125,2390787099,6983476937,0.6035333489642627,True,1700,10,0,500.0,450.0,True,0.8,9,39,0.0979912858512604,0.1017007893341047
9032868126,2390787100,6983476938,0.6035333489642627,True,1700,10,0,500.0,450.0,True,0.8,9,39,0.0828462465437962,0.0770117253398801
9032868127,2390787101,6983476939,0.6035333489642625,True,1800,10,0,500.0,450.0,True,0.8,9,39,0.0924672341407778,0.1139229160980841
9032868128,2390787102,6983476940,0.6035333489642625,True,1800,10,0,500.0,450.0,True,0.8,9,39,0.0913861990162717,0.0923645791127051
9032868129,2390787103,6983476941,0.6035333489642625,True,1800,10,0,500.0,450.0,True,0.8,9,39,0.0935705378011388,1.7592396275094986
9032868130,2390787104,6983476942,0.6035333489642625,True,1800,10,0,500.0,450.0,True,0.8,9,39,0.0969975186349394,0.0538471438901728
9032868131,2390787105,6983476943,0.6035333489642625,True,1800,10,0,500.0,450.0,True,0.8,9,39,0.081149234077135,0.1116533903237327
9032868132,2390787106,6983476944,0.6035333489642623,True,1900,10,0,500.0,450.0,True,0.8,9,39,0.084560144020731,0.1201350200716617
9032868133,2390787107,6983476945,0.6035333489642623,True,1900,10,0,500.0,450.0,True,0.8,9,39,0.093026707975362,0.1027692581470204
9032868134,2390787108,6983476946,0.6035333489642623,True,1900,10,0,500.0,450.0,True,0.8,9,39,0.0907074856723675,1.7762962622682563
9032868135,2390787109,6983476947,0.6035333489642623,True,1900,10,0,500.0,450.0,True,0.8,9,39,0.081828796262861,0.0574995353197336
9032868136,2390787110,6983476948,0.6035333489642623,True,1900,10,0,500.0,450.0,True,0.8,9,39,0.0981142675364816,0.0711003740165995
9032868137,2390787111,6983476949,0.6035333489642625,True,2000,10,0,500.0,450.0,True,0.8,9,39,0.0814773927961554,1.7649908469668798
9032868138,2390787112,6983476950,0.6035333489642625,True,2000,10,0,500.0,450.0,True,0.8,9,39,0.0901257478074313,0.1605235083546193
9032868139,2390787113,6983476951,0.6035333489642625,True,2000,10,0,500.0,450.0,True,0.8,9,39,0.0934923496219748,0.1138523636014168
9032868140,2390787114,6983476952,0.6035333489642625,True,2000,10,0,500.0,450.0,True,0.8,9,39,0.1047917477699108,1.8288787370235204
9032868141,2390787115,6983476953,0.6035333489642625,True,2000,10,0,500.0,450.0,True,0.8,9,39,0.0911460740676462,1.7807442944367091
9032868142,2390787116,6983476954,0.6035333489642628,True,2100,10,0,500.0,450.0,True,0.8,9,39,0.1177550933078247,0.0133001032982982
9032868143,2390787117,6983476955,0.6035333489642628,True,2100,10,0,500.0,450.0,True,0.8,9,39,0.0990307285865482,0.0109609912584569
9032868144,2390787118,6983476956,0.6035333489642628,True,2100,10,0,500.0,450.0,True,0.8,9,39,0.1263112646504889,0.0616527363017261
9032868145,2390787119,6983476957,0.6035333489642628,True,2100,10,0,500.0,450.0,True,0.8,9,39,0.1233003786142676,0.0210731261722327
9032868146,2390787120,6983476958,0.6035333489642628,True,2100,10,0,500.0,450.0,True,0.8,9,39,0.0938760606844426,0.0808492907550756
9032868147,2390787121,6983476959,0.6035333489642629,True,2200,10,0,500.0,450.0,True,0.8,9,39,0.0944622150487442,0.1138195862234038
9032868148,2390787122,6983476960,0.6035333489642629,True,2200,10,0,500.0,450.0,True,0.8,9,39,0.0767252961500771,0.0961138202601168
9032868149,2390787123,6983476961,0.6035333489642629,True,2200,10,0,500.0,450.0,True,0.8,9,39,0.1011382858095912,0.0936066591675112
9032868150,2390787124,6983476962,0.6035333489642629,True,2200,10,0,500.0,450.0,True,0.8,9,39,0.0888651813144698,0.1148048156711485
9032868151,2390787125,6983476963,0.6035333489642629,True,2200,10,0,500.0,450.0,True,0.8,9,39,0.1077568329666855,1.906836246072652
9032868152,2390787126,6983476964,0.6035333489642628,True,2300,10,0,500.0,450.0,True,0.8,9,39,0.081921499503942,0.0871436448208434
9032868153,2390787127,6983476965,0.6035333489642628,True,2300,10,0,500.0,450.0,True,0.8,9,39,0.0838743951415355,0.1339539209867702
9032868154,2390787128,6983476966,0.6035333489642628,True,2300,10,0,500.0,450.0,True,0.8,9,39,0.0894779662865735,0.0821434345034795
9032868155,2390787129,6983476967,0.6035333489642628,True,2300,10,0,500.0,450.0,True,0.8,9,39,0.1102697637095638,0.1437137099433704
9032868156,2390787130,6983476968,0.6035333489642628,True,2300,10,0,500.0,450.0,True,0.8,9,39,0.1074213227337099,0.0282290871324273
9032868157,2390787131,6983476969,0.6035333489642625,True,2400,10,0,500.0,450.0,True,0.8,9,39,0.0943330972004209,0.0782138825872504
9032868158,2390787132,6983476970,0.6035333489642625,True,2400,10,0,500.0,450.0,True,0.8,9,39,0.0974615087482698,0.1711825321397524
9032868159,2390787133,6983476971,0.6035333489642625,True,2400,10,0,500.0,450.0,True,0.8,9,39,0.0923865680186934,1.710081235054636
9032868160,2390787134,6983476972,0.6035333489642625,True,2400,10,0,500.0,450.0,True,0.8,9,39,0.1014911071950517,0.1125061113655221
9032868161,2390787135,6983476973,0.6035333489642625,True,2400,10,0,500.0,450.0,True,0.8,9,39,0.0889338918712641,0.1296972561921434
9032868162,2390787136,6983476974,0.6035333489642626,True,2500,10,0,500.0,450.0,True,0.8,9,39,0.1078329030248928,0.0206814699472214
9032868163,2390787137,6983476975,0.6035333489642626,True,2500,10,0,500.0,450.0,True,0.8,9,39,0.0935315980677463,0.0258324401132709
9032868164,2390787138,6983476976,0.6035333489642626,True,2500,10,0,500.0,450.0,True,0.8,9,39,0.0862672505570151,1.7221681181243984
9032868165,2390787139,6983476977,0.6035333489642626,True,2500,10,0,500.0,450.0,True,0.8,9,39,0.0904705447846047,0.0796754750739249
9032868166,2390787140,6983476978,0.6035333489642626,True,2500,10,0,500.0,450.0,True,0.8,9,39,0.0878042655271928,0.1154093869708381
9032868167,2390787141,6983476979,0.6035333489642626,True,2600,10,0,500.0,450.0,True,0.8,9,39,0.0831715069866272,0.0625332282829955
9032868168,2390787142,6983476980,0.6035333489642626,True,2600,10,0,500.0,450.0,True,0.8,9,39,0.0953990283452853,0.0536895245449915
9032868169,2390787143,6983476981,0.6035333489642626,True,2600,10,0,500.0,450.0,True,0.8,9,39,0.0915824135543953,0.1249302707875803
9032868170,2390787144,6983476982,0.6035333489642626,True,2600,10,0,500.0,450.0,True,0.8,9,39,0.1090979649875815,0.0643292900683007
9032868171,2390787145,6983476983,0.6035333489642626,True,2600,10,0,500.0,450.0,True,0.8,9,39,0.0933014813376292,0.1073894585828358
9032868172,2390787146,6983476984,0.6035333489642621,True,2700,10,0,500.0,450.0,True,0.8,9,39,0.1386888982733318,0.0445817050326223
9032868173,2390787147,6983476985,0.6035333489642621,True,2700,10,0,500.0,450.0,True,0.8,9,39,0.0835084275691287,0.1328275104851249
9032868174,2390787148,6983476986,0.6035333489642621,True,2700,10,0,500.0,450.0,True,0.8,9,39,0.1004555272150677,0.1504428061605676
9032868175,2390787149,6983476987,0.6035333489642621,True,2700,10,0,500.0,450.0,True,0.8,9,39,0.1013942465080911,0.1182780332047059
9032868176,2390787150,6983476988,0.6035333489642621,True,2700,10,0,500.0,450.0,True,0.8,9,39,0.100818600807682,0.1591424292747003
9032868177,2390787151,6983476989,0.6035333489642626,True,2800,10,0,500.0,450.0,True,0.8,9,39,0.0874348002802491,0.0875355951787575
9032868178,2390787152,6983476990,0.6035333489642626,True,2800,10,0,500.0,450.0,True,0.8,9,39,0.0928957972399139,0.0549377274806009
9032868179,2390787153,6983476991,0.6035333489642626,True,2800,10,0,500.0,450.0,True,0.8,9,39,0.1008863356574949,0.0911493749414956
9032868180,2390787154,6983476992,0.6035333489642626,True,2800,10,0,500.0,450.0,True,0.8,9,39,0.0921199722576728,0.0992694869861919
9032868181,2390787155,6983476993,0.6035333489642626,True,2800,10,0,500.0,450.0,True,0.8,9,39,0.1044351926396786,0.0953604697961273
9032868182,2390787156,6983476994,0.6035333489642628,True,2900,10,0,500.0,450.0,True,0.8,9,39,0.09899862809964,0.1134230598156874
9032868183,2390787157,6983476995,0.6035333489642628,True,2900,10,0,500.0,450.0,True,0.8,9,39,0.108454901742193,0.0470683912154385
9032868184,2390787158,6983476996,0.6035333489642628,True,2900,10,0,500.0,450.0,True,0.8,9,39,0.1096901754685597,0.0492517541071064
9032868185,2390787159,6983476997,0.6035333489642628,True,2900,10,0,500.0,450.0,True,0.8,9,39,0.1015797910179506,0.09147971634968
9032868186,2390787160,6983476998,0.6035333489642628,True,2900,10,0,500.0,450.0,True,0.8,9,39,0.0997744493106875,0.1389891785422989
9032868187,2390787161,6983476999,0.6035333489642626,True,3000,10,0,500.0,450.0,True,0.8,9,39,0.090156542987965,0.0819261744460974
9032868188,2390787162,6983477000,0.6035333489642626,True,3000,10,0,500.0,450.0,True,0.8,9,39,0.1130048042361162,0.0271115312440364
9032868189,2390787163,6983477001,0.6035333489642626,True,3000,10,0,500.0,450.0,True,0.8,9,39,0.0794375151081736,0.1019456601019846
9032868190,2390787164,6983477002,0.6035333489642626,True,3000,10,0,500.0,450.0,True,0.8,9,39,0.0878406854263944,0.0775874515247502
9032868191,2390787165,6983477003,0.6035333489642626,True,3000,10,0,500.0,450.0,True,0.8,9,39,0.0977182300301184,0.0686296269506847
9032868192,2390787166,6983477004,0.6035333489642627,True,3100,10,0,500.0,450.0,True,0.8,9,39,0.1290565529768639,0.1664880297075815
9032868193,2390787167,6983477005,0.6035333489642627,True,3100,10,0,500.0,450.0,True,0.8,9,39,0.0877850488929698,0.0900693351058234
9032868194,2390787168,6983477006,0.6035333489642627,True,3100,10,0,500.0,450.0,True,0.8,9,39,0.0937872653786371,0.1488910411729265
9032868195,2390787169,6983477007,0.6035333489642627,True,3100,10,0,500.0,450.0,True,0.8,9,39,0.0876400071613378,0.041523498768321
9032868196,2390787170,6983477008,0.6035333489642627,True,3100,10,0,500.0,450.0,True,0.8,9,39,0.1072504236439,0.0850878778954772
9032868197,2390787171,6983477009,0.6035333489642625,True,3200,10,0,500.0,450.0,True,0.8,9,39,0.1027856191838105,0.02911415147736
9032868198,2390787172,6983477010,0.6035333489642625,True,3200,10,0,500.0,450.0,True,0.8,9,39,0.0945336254743526,0.0507316180810715
9032868199,2390787173,6983477011,0.6035333489642625,True,3200,10,0,500.0,450.0,True,0.8,9,39,0.1372558626774681,0.1556682035164461
9032868200,2390787174,6983477012,0.6035333489642625,True,3200,10,0,500.0,450.0,True,0.8,9,39,0.0975454983842554,0.0629689037209351
9032868201,2390787175,6983477013,0.6035333489642625,True,3200,10,0,500.0,450.0,True,0.8,9,39,0.124474973109376,0.161122799573677
9032868202,2390787176,6983477014,0.6035333489642625,True,3300,10,0,500.0,450.0,True,0.8,9,39,0.1272361982497815,0.1048705166215117
9032868203,2390787177,6983477015,0.6035333489642625,True,3300,10,0,500.0,450.0,True,0.8,9,39,0.1582655292883199,0.0685604124479591
9032868204,2390787178,6983477016,0.6035333489642625,True,3300,10,0,500.0,450.0,True,0.8,9,39,0.1666619556081864,1.5973455104899044
9032868205,2390787179,6983477017,0.6035333489642625,True,3300,10,0,500.0,450.0,True,0.8,9,39,0.1002816114400354,0.0884113939521832
9032868206,2390787180,6983477018,0.6035333489642625,True,3300,10,0,500.0,450.0,True,0.8,9,39,0.1293140865512745,0.0508320387994582
9032868207,2390787181,6983477019,0.6035333489642623,True,3400,10,0,500.0,450.0,True,0.8,9,39,0.1186115214302938,0.1662760572688754
9032868208,2390787182,6983477020,0.6035333489642623,True,3400,10,0,500.0,450.0,True,0.8,9,39,0.1424119364789857,0.1215828816867199
9032868209,2390787183,6983477021,0.6035333489642623,True,3400,10,0,500.0,450.0,True,0.8,9,39,0.1686166896947548,0.0716752568716029
9032868210,2390787184,6983477022,0.6035333489642623,True,3400,10,0,500.0,450.0,True,0.8,9,39,0.1298770278519089,0.1207508531880493
9032868211,2390787185,6983477023,0.6035333489642623,True,3400,10,0,500.0,450.0,True,0.8,9,39,0.1024322091579339,0.0829694121827866
9032868212,2390787186,6983477024,0.6035333489642627,True,3500,10,0,500.0,450.0,True,0.8,9,39,0.1118234019695566,0.0329721296734334
9032868213,2390787187,6983477025,0.6035333489642627,True,3500,10,0,500.0,450.0,True,0.8,9,39,0.1152129249068235,0.0871514056899267
9032868214,2390787188,6983477026,0.6035333489642627,True,3500,10,0,500.0,450.0,True,0.8,9,39,0.1367012323002907,0.1094703516098586
9032868215,2390787189,6983477027,0.6035333489642627,True,3500,10,0,500.0,450.0,True,0.8,9,39,0.1303862316972467,0.0828924980905824
9032868216,2390787190,6983477028,0.6035333489642627,True,3500,10,0,500.0,450.0,True,0.8,9,39,0.1155011930780874,0.1314222468899672
9032868217,2390787191,6983477029,0.6035333489642626,True,3600,10,0,500.0,450.0,True,0.8,9,39,0.1293289704649333,0.1557870851060204
9032868218,2390787192,6983477030,0.6035333489642626,True,3600,10,0,500.0,450.0,True,0.8,9,39,0.116780351554889,0.1223637352647592
9032868219,2390787193,6983477031,0.6035333489642626,True,3600,10,0,500.0,450.0,True,0.8,9,39,0.1469362221375235,0.0799607080708749
9032868220,2390787194,6983477032,0.6035333489642626,True,3600,10,0,500.0,450.0,True,0.8,9,39,0.1366111340507273,0.0860410414496446
9032868221,2390787195,6983477033,0.6035333489642626,True,3600,10,0,500.0,450.0,True,0.8,9,39,0.1216880843512126,0.1330198036590823
9032868222,2390787196,6983477034,0.6035333489642625,True,3700,10,0,500.0,450.0,True,0.8,9,39,0.0914014338517882,0.1111695908851509
9032868223,2390787197,6983477035,0.6035333489642625,True,3700,10,0,500.0,450.0,True,0.8,9,39,0.1303088826021823,0.1034235283735365
9032868224,2390787198,6983477036,0.6035333489642625,True,3700,10,0,500.0,450.0,True,0.8,9,39,0.1331607102723646,0.1005833861557785
9032868225,2390787199,6983477037,0.6035333489642625,True,3700,10,0,500.0,450.0,True,0.8,9,39,0.1521042167869211,0.0407362432047573
9032868226,2390787200,6983477038,0.6035333489642625,True,3700,10,0,500.0,450.0,True,0.8,9,39,0.1340261758933471,0.0813000932162325
9032868227,2390787201,6983477039,0.6035333489642626,True,3800,10,0,500.0,450.0,True,0.8,9,39,0.1369452879590431,0.1576165348015372
9032868228,2390787202,6983477040,0.6035333489642626,True,3800,10,0,500.0,450.0,True,0.8,9,39,0.0898593942052702,0.0512432076685008
9032868229,2390787203,6983477041,0.6035333489642626,True,3800,10,0,500.0,450.0,True,0.8,9,39,0.0818004174377582,0.0582369324649257
9032868230,2390787204,6983477042,0.6035333489642626,True,3800,10,0,500.0,450.0,True,0.8,9,39,0.1102967505691806,0.0370382958718698
9032868231,2390787205,6983477043,0.6035333489642626,True,3800,10,0,500.0,450.0,True,0.8,9,39,0.1398819129480834,0.1183918802823879
9032868232,2390787206,6983477044,0.6035333489642627,True,3900,10,0,500.0,450.0,True,0.8,9,39,0.1140068118133859,0.2353989246472783
9032868233,2390787207,6983477045,0.6035333489642627,True,3900,10,0,500.0,450.0,True,0.8,9,39,0.0968751099183449,0.0686167704237207
9032868234,2390787208,6983477046,0.6035333489642627,True,3900,10,0,500.0,450.0,True,0.8,9,39,0.0978243185361725,0.0883824737697364
9032868235,2390787209,6983477047,0.6035333489642627,True,3900,10,0,500.0,450.0,True,0.8,9,39,0.100781449804869,0.0829489100607911
9032868236,2390787210,6983477048,0.6035333489642627,True,3900,10,0,500.0,450.0,True,0.8,9,39,0.139758425545103,0.0939883964354849
9032868237,2390787211,6983477049,0.603533348964263,True,4000,10,0,500.0,450.0,True,0.8,9,39,0.09785917882296,0.1678987582212702
9032868238,2390787212,6983477050,0.603533348964263,True,4000,10,0,500.0,450.0,True,0.8,9,39,0.1036282272816163,0.0282549246030483
9032868239,2390787213,6983477051,0.603533348964263,True,4000,10,0,500.0,450.0,True,0.8,9,39,0.1152295939874116,0.039937825449174
9032868240,2390787214,6983477052,0.603533348964263,True,4000,10,0,500.0,450.0,True,0.8,9,39,0.0957808588164911,0.0777546283523185
9032868241,2390787215,6983477053,0.603533348964263,True,4000,10,0,500.0,450.0,True,0.8,9,39,0.0980854716204731,0.0793288437560585
9032868242,2390787216,6983477054,0.6035333489642621,True,4100,10,0,500.0,450.0,True,0.8,9,39,0.1336836850715479,0.0976853450757808
9032868243,2390787217,6983477055,0.6035333489642621,True,4100,10,0,500.0,450.0,True,0.8,9,39,0.0955226159964635,0.1020387008349817
9032868244,2390787218,6983477056,0.6035333489642621,True,4100,10,0,500.0,450.0,True,0.8,9,39,0.0947215456505988,0.1016993694311592
9032868245,2390787219,6983477057,0.6035333489642621,True,4100,10,0,500.0,450.0,True,0.8,9,39,0.0966821384455922,0.0763707568944741
9032868246,2390787220,6983477058,0.6035333489642621,True,4100,10,0,500.0,450.0,True,0.8,9,39,0.1054355698723508,0.0701980641926581
9032868247,2390787221,6983477059,0.6035333489642624,True,4200,10,0,500.0,450.0,True,0.8,9,39,0.1315557288637676,0.1216549337862684
9032868248,2390787222,6983477060,0.6035333489642624,True,4200,10,0,500.0,450.0,True,0.8,9,39,0.1345666651653079,0.1734597701990353
9032868249,2390787223,6983477061,0.6035333489642624,True,4200,10,0,500.0,450.0,True,0.8,9,39,0.0989123396478642,0.1224070941184396
9032868250,2390787224,6983477062,0.6035333489642624,True,4200,10,0,500.0,450.0,True,0.8,9,39,0.1429898308114287,0.1464182708746972
9032868251,2390787225,6983477063,0.6035333489642624,True,4200,10,0,500.0,450.0,True,0.8,9,39,0.1282453187138123,0.1303502827309099
9032868252,2390787226,6983477064,0.6035333489642624,True,4300,10,0,500.0,450.0,True,0.8,9,39,0.1350273909930528,0.1601917726895574
9032868253,2390787227,6983477065,0.6035333489642624,True,4300,10,0,500.0,450.0,True,0.8,9,39,0.1288770794381319,0.2217796542302919
9032868254,2390787228,6983477066,0.6035333489642624,True,4300,10,0,500.0,450.0,True,0.8,9,39,0.1131664583199241,0.1178354276446135
9032868255,2390787229,6983477067,0.6035333489642624,True,4300,10,0,500.0,450.0,True,0.8,9,39,0.1244793170846828,0.1136430779944828
9032868256,2390787230,6983477068,0.6035333489642624,True,4300,10,0,500.0,450.0,True,0.8,9,39,0.1359371010618398,0.1490815596344797
9032868257,2390787231,6983477069,0.6035333489642624,True,4400,10,0,500.0,450.0,True,0.8,9,39,0.1317868864259487,0.0944038928474286
9032868258,2390787232,6983477070,0.6035333489642624,True,4400,10,0,500.0,450.0,True,0.8,9,39,0.1357317811097353,0.1136000291022681
9032868259,2390787233,6983477071,0.6035333489642624,True,4400,10,0,500.0,450.0,True,0.8,9,39,0.1600006688645857,0.074514324315814
9032868260,2390787234,6983477072,0.6035333489642624,True,4400,10,0,500.0,450.0,True,0.8,9,39,0.0922706607089918,0.0427561725883626
9032868261,2390787235,6983477073,0.6035333489642624,True,4400,10,0,500.0,450.0,True,0.8,9,39,0.1312370579283141,0.1489592346360523
9032868262,2390787236,6983477074,0.6035333489642624,True,4500,10,0,500.0,450.0,True,0.8,9,39,0.1400115248828647,0.1606972562838122
9032868263,2390787237,6983477075,0.6035333489642624,True,4500,10,0,500.0,450.0,True,0.8,9,39,0.0945811236464414,0.0634007031416996
9032868264,2390787238,6983477076,0.6035333489642624,True,4500,10,0,500.0,450.0,True,0.8,9,39,0.1388612352579402,0.1111783252801707
9032868265,2390787239,6983477077,0.6035333489642624,True,4500,10,0,500.0,450.0,True,0.8,9,39,0.14793469792218,0.0922978232498452
9032868266,2390787240,6983477078,0.6035333489642624,True,4500,10,0,500.0,450.0,True,0.8,9,39,0.1350294724933624,0.1502582979141491
9032868267,2390787241,6983477079,0.6035333489642624,True,4600,10,0,500.0,450.0,True,0.8,9,39,0.0952083889751457,0.1102963397355051
9032868268,2390787242,6983477080,0.6035333489642624,True,4600,10,0,500.0,450.0,True,0.8,9,39,0.1460099437838801,0.1331738754549647
9032868269,2390787243,6983477081,0.6035333489642624,True,4600,10,0,500.0,450.0,True,0.8,9,39,0.0791387489097591,0.069145996155778
9032868270,2390787244,6983477082,0.6035333489642624,True,4600,10,0,500.0,450.0,True,0.8,9,39,0.0839113290400143,0.075519888714531
9032868271,2390787245,6983477083,0.6035333489642624,True,4600,10,0,500.0,450.0,True,0.8,9,39,0.10556168568765,0.0630314471785765
9032868272,2390787246,6983477084,0.6035333489642628,True,4700,10,0,500.0,450.0,True,0.8,9,39,0.1545231048352389,0.1378003292119883
9032868273,2390787247,6983477085,0.6035333489642628,True,4700,10,0,500.0,450.0,True,0.8,9,39,0.1349225188214817,0.0879806578933383
9032868274,2390787248,6983477086,0.6035333489642628,True,4700,10,0,500.0,450.0,True,0.8,9,39,0.1388064861388921,0.0995618343437211
9032868275,2390787249,6983477087,0.6035333489642628,True,4700,10,0,500.0,450.0,True,0.8,9,39,0.1155064366699525,0.1116509991389217
9032868276,2390787250,6983477088,0.6035333489642628,True,4700,10,0,500.0,450.0,True,0.8,9,39,0.125703493523949,0.1145895672567119
9032868277,2390787251,6983477089,0.6035333489642624,True,4800,10,0,500.0,450.0,True,0.8,9,39,0.1194117298764954,0.1635522474890876
9032868278,2390787252,6983477090,0.6035333489642624,True,4800,10,0,500.0,450.0,True,0.8,9,39,0.1248646875513373,0.100538758860156
9032868279,2390787253,6983477091,0.6035333489642624,True,4800,10,0,500.0,450.0,True,0.8,9,39,0.1290896766603528,0.1258735496002665
9032868280,2390787254,6983477092,0.6035333489642624,True,4800,10,0,500.0,450.0,True,0.8,9,39,0.133186143103458,0.132864251717859
9032868281,2390787255,6983477093,0.6035333489642624,True,4800,10,0,500.0,450.0,True,0.8,9,39,0.1488632191440226,0.1287888836443287
9032868282,2390787256,6983477094,0.6035333489642623,True,4900,10,0,500.0,450.0,True,0.8,9,39,0.1055544303737207,0.0452539170527251
9032868283,2390787257,6983477095,0.6035333489642623,True,4900,10,0,500.0,450.0,True,0.8,9,39,0.1455941149016326,0.1160335866545526
9032868284,2390787258,6983477096,0.6035333489642623,True,4900,10,0,500.0,450.0,True,0.8,9,39,0.1573444939219908,0.0934581320228718
9032868285,2390787259,6983477097,0.6035333489642623,True,4900,10,0,500.0,450.0,True,0.8,9,39,0.1208030556174129,0.1389359219619084
9032868286,2390787260,6983477098,0.6035333489642623,True,4900,10,0,500.0,450.0,True,0.8,9,39,0.0956501844248735,0.086528627896411
9032868287,2390787261,6983477099,0.6035333489642623,True,5000,10,0,500.0,450.0,True,0.8,9,39,0.1311482368887112,0.1448570452052318
9032868288,2390787262,6983477100,0.6035333489642623,True,5000,10,0,500.0,450.0,True,0.8,9,39,0.1326012681004321,0.0876391577643666
9032868289,2390787263,6983477101,0.6035333489642623,True,5000,10,0,500.0,450.0,True,0.8,9,39,0.1298091867857252,0.1093001765218305
9032868290,2390787264,6983477102,0.6035333489642623,True,5000,10,0,500.0,450.0,True,0.8,9,39,0.1447881969882264,0.1569049358275731
9032868291,2390787265,6983477103,0.6035333489642623,True,5000,10,0,500.0,450.0,True,0.8,9,39,0.126606949647643,0.2157859654217672
